{
  "config": {
    "brand": "Maestro",
    "slogan": "Soluciones ágiles para tu negocio",
    "iva_text": "IVA incluido",
    "usd_rate": 1500,
    "contabilidad_estimada": "12/2025",
    "whatsapp": "54911XXXXXXXX",
    "email": "hola@maestro.com",
    "address": "Buenos Aires, Argentina",
    "business_hours": "Lun-Vie 9:00–18:00 ART"
  },
  "services": {
    "marketing": {
      "name": "Marketing Digital",
      "plans": {
        "gratis": {
          "label": "Gratis",
          "price_ars": 0,
          "sla": "Respuesta en 48 h hábiles",
          "limits": [
            "1 reunión de 30 minutos",
            "Diagnóstico inicial",
            "Informe PDF breve"
          ],
          "includes": [
            "Diagnóstico inicial",
            "1 reunión (30 min)",
            "Checklist básico de presencia online"
          ],
          "not_includes": [
            "Ejecución de piezas/ads",
            "Soporte fuera de horario",
            "Community 24/7 / Cobertura de eventos"
          ],
          "deliverables": [
            "Informe PDF con hallazgos y próximos pasos"
          ]
        },
        "basico": {
          "label": "Básico",
          "price_ars": 80000,
          "sla": "Respuesta en 48 h hábiles",
          "limits": [
            "4 piezas/mes",
            "1 red social",
            "1 campaña pequeña/mes (hasta $50.000 ARS de pauta, paga el cliente)"
          ],
          "includes": [
            "Calendario simple",
            "Copy básico",
            "1 reporte mensual"
          ],
          "not_includes": [
            "Community 24/7",
            "Cobertura de eventos",
            "Producción foto/video profesional",
            "Gestión de cobros / legal / fiscal"
          ],
          "deliverables": [
            "Calendario simple y piezas aprobadas",
            "Reporte mensual de KPIs básicos"
          ]
        },
        "medio": {
          "label": "Medio",
          "price_ars": 150000,
          "sla": "Respuesta 24–48 h hábiles",
          "limits": [
            "8–10 piezas/mes",
            "2 redes sociales",
            "2 campañas simultáneas (hasta $120.000 ARS de pauta, paga el cliente)"
          ],
          "includes": [
            "Calendario editorial",
            "Optimización básica",
            "2 reuniones/mes",
            "1 landing simple (si hace falta)",
            "Reporte quincenal"
          ],
          "not_includes": [
            "Community 24/7",
            "Grandes producciones audiovisuales",
            "Gestión legal/fiscal"
          ],
          "deliverables": [
            "Plan editorial y piezas",
            "Reportes quincenales de rendimiento",
            "Landing simple si aplica"
          ]
        },
        "pro": {
          "label": "Pro",
          "price_ars": 240000,
          "sla": "Respuesta ≤24 h hábiles",
          "limits": [
            "12–16 piezas/mes",
            "3 redes sociales",
            "3–4 campañas (hasta $250.000 ARS de pauta, paga el cliente)"
          ],
          "includes": [
            "Optimización continua",
            "3 reuniones/mes",
            "Coordinación con diseño/paid",
            "Pruebas A/B",
            "Reporte semanal"
          ],
          "not_includes": [
            "Community 24/7",
            "Cobertura de eventos",
            "Producciones audiovisuales grandes",
            "Gestión legal/fiscal"
          ],
          "deliverables": [
            "Calendario mensual avanzado",
            "Reportes y tableros semanales"
          ]
        }
      }
    },
    "secretaria": {
      "name": "Secretaría Administrativa",
      "plans": {
        "gratis": {
          "label": "Gratis",
          "price_ars": 0,
          "sla": "Respuesta en 48 h hábiles",
          "limits": [
            "Plantillas base",
            "1 consulta de 30 min"
          ],
          "includes": [
            "Plantillas (agenda, presupuestos, minutas)",
            "1 consulta (30 min)"
          ],
          "not_includes": [
            "Ejecución de tareas",
            "Representación legal",
            "Tareas contables/fiscales"
          ],
          "deliverables": [
            "Pack de plantillas editables"
          ]
        },
        "basico": {
          "label": "Básico",
          "price_ars": 60000,
          "sla": "Respuesta en 48 h hábiles",
          "limits": [
            "Gestión de agenda: hasta 20 citas/mes",
            "Correos: hasta 20/día",
            "Coordinación simple de proveedores"
          ],
          "includes": [
            "Minuta semanal",
            "Gestión de agenda y correos básicos"
          ],
          "not_includes": [
            "Manejo de efectivo/cobros",
            "Tareas contables/fiscales",
            "Auditorías"
          ],
          "deliverables": [
            "Minuta semanal + tablero simple"
          ]
        },
        "medio": {
          "label": "Medio",
          "price_ars": 110000,
          "sla": "Respuesta 24–48 h hábiles",
          "limits": [
            "Agenda integral: hasta 40 citas/mes",
            "Correos: hasta 40/día",
            "Organización de documentos",
            "Coordinación de pagos (recordatorios, no cobranzas)"
          ],
          "includes": [
            "Minutas + KPIs básicos",
            "2 reuniones/mes"
          ],
          "not_includes": [
            "Representación legal",
            "Tareas contables/fiscales",
            "Manejo de efectivo/cobros"
          ],
          "deliverables": [
            "Tablero y minutas quincenales"
          ]
        },
        "pro": {
          "label": "Pro",
          "price_ars": 180000,
          "sla": "Respuesta ≤24 h hábiles",
          "limits": [
            "Hasta 60 citas/mes",
            "Correos hasta 60/día",
            "Coordinación avanzada",
            "Plantillas personalizadas",
            "Automatizaciones simples (formularios/Google Workspace)"
          ],
          "includes": [
            "KPIs y tableros",
            "Prioridad de atención"
          ],
          "not_includes": [
            "Representación legal",
            "Tareas contables/fiscales",
            "Manejo de efectivo/cobros"
          ],
          "deliverables": [
            "Tablero semanal + automatizaciones"
          ]
        }
      }
    }
  },
  "extras": {
    "programacion": {
      "name": "Programación",
      "status": "proximamente",
      "alcance": [
        "Páginas/landings",
        "Automatizaciones sencillas",
        "Stack sugerido: HTML, CSS, JS/Next.js"
      ],
      "nota": "Presupuesto a medida."
    },
    "cv": {
      "name": "Creación de CV",
      "status": "proximamente",
      "paquetes": [
        "Esencial",
        "Mejorado",
        "Premium"
      ],
      "nota": "Asesoría + diseño PDF/ATS-friendly."
    },
    "seo": {
      "name": "SEO",
      "status": "proximamente",
      "alcance_previsto": [
        "SEO on-page",
        "Keyword research",
        "Estructura de contenidos"
      ]
    },
    "contabilidad": {
      "name": "Contabilidad",
      "status": "proximamente",
      "nota": "Actualmente en formación; reabrimos pronto."
    }
  }
}